,date,open,high,low,close,volume,MA_volume_10,MA_close_60,high_by_close,high_by_close_15,high_by_close_15_check
0,20171016,4835,6276,4364,6276,4750683,,,0.0,False,
1,20171017,7288,8158,6989,8158,1029793,,,0.0,False,
2,20171018,10269,10597,9556,10597,338675,,,0.0,False,
3,20171019,12495,13750,10968,12808,3410349,,,7.35,False,
4,20171020,12081,13279,10312,10312,1502457,,,28.77,True,
5,20171023,10669,11710,10098,10498,1120863,,,11.55,False,
6,20171024,10127,10369,9128,9228,637539,,,12.36,False,
7,20171025,9299,10084,8857,9513,684757,,,6.0,False,
8,20171026,9299,9385,8686,8800,287749,,,6.65,False,
9,20171027,8772,9271,8601,9057,325061,1408792.6,,2.36,False,
10,20171030,8900,9043,8601,8986,174978,951222.1,,0.63,False,
11,20171031,8872,9756,8757,9171,447490,892991.8,,6.38,False,
12,20171101,9314,10212,9157,10212,381446,897268.9,,0.0,False,
13,20171102,9956,10212,9556,10098,300617,586295.7,,1.13,False,
14,20171103,9670,9784,9271,9642,214363,457486.3,,1.47,False,
15,20171106,9271,9357,8872,8943,163962,361796.2,,4.63,False,
16,20171107,9043,9171,8686,9043,145715,312613.8,,1.42,False,
17,20171108,9185,9414,8886,9000,220943,266232.4,,4.6,False,
18,20171109,9028,9314,8843,8843,158020,253259.5,,5.33,False,
19,20171110,9057,10269,9057,9257,1045187,325272.1,,10.93,False,
20,20171113,9414,9414,9100,9200,155965,323370.8,,2.33,False,
21,20171114,9285,9314,8629,8815,207989,299420.7,,5.66,False,
22,20171115,8815,8872,8372,8387,155643,276840.4,,5.78,False,
23,20171116,8258,8586,8130,8372,128800,259658.7,,2.56,False,
24,20171117,8387,8515,8173,8301,91169,247339.3,,2.58,False,1.0
25,20171120,8344,8344,7602,7673,657185,296661.6,,8.74,False,1.0
26,20171121,7702,7716,7303,7417,228947,304984.8,,4.03,False,1.0
27,20171122,7431,7887,7303,7445,317450,314635.5,,5.94,False,1.0
28,20171123,7445,8130,7317,7702,461011,344934.6,,5.56,False,1.0
29,20171124,7773,7959,7516,7516,203984,260814.3,,5.89,False,0.0
30,20171127,7588,7602,7260,7303,111170,256334.8,,4.09,False,0.0
31,20171128,7317,7445,7131,7131,116099,247145.8,,4.4,False,0.0
32,20171129,7103,7445,7103,7374,82410,239822.5,,0.96,False,0.0
33,20171130,7388,7559,7117,7131,122571,239199.6,,6.0,False,0.0
34,20171201,7288,7288,6789,6860,114818,241564.5,,6.24,False,0.0
35,20171204,6889,6917,6661,6689,78036,183649.6,,3.41,False,0.0
36,20171205,6718,7117,6675,7003,111304,171885.3,,1.63,False,0.0
37,20171206,6917,7046,6818,6875,70579,147198.2,,2.49,False,0.0
38,20171207,6889,7046,6604,6646,59644,107061.5,,6.02,False,0.0
39,20171208,6689,6889,6561,6632,55618,92224.9,,3.88,False,0.0
40,20171211,6661,6932,6618,6846,59045,87012.4,,1.26,False,0.0
41,20171212,7003,7274,6718,6761,103484,85750.9,,7.59,False,0.0
42,20171213,6746,6846,6675,6832,36897,81199.6,,0.2,False,0.0
43,20171214,6903,7117,6875,7046,120444,80986.9,,1.01,False,0.0
44,20171215,7131,7188,6818,6832,69385,76443.6,,5.21,False,0.0
45,20171218,6889,6932,6632,6632,50993,73739.3,,4.52,False,0.0
46,20171219,6675,6675,6261,6276,80819,70690.8,,6.36,False,0.0
47,20171220,6304,6347,6076,6147,44409,68073.8,,3.25,False,0.0
48,20171221,6161,6161,5734,5819,72019,69311.3,,5.88,False,0.0
49,20171222,5833,5962,5748,5890,37624,67511.9,,1.22,False,0.0
50,20171226,5833,6005,5805,5919,30015,64608.9,,1.45,False,0.0
51,20171227,5905,6176,5805,6133,54006,59661.1,,0.7,False,0.0
52,20171228,6218,6218,5990,6005,24992,58470.6,,3.55,False,0.0
53,20180102,6133,6204,5990,6133,28165,49242.7,,1.16,False,0.0
54,20180103,6276,7973,6276,7973,1404491,182753.3,,0.0,False,0.0
55,20180104,7845,8971,7516,7759,1418823,319536.3,,15.62,True,1.0
56,20180105,7616,7802,7360,7616,366486,348103.0,,2.44,False,1.0
57,20180108,8101,8444,7616,7673,698487,413510.8,,10.05,False,1.0
58,20180109,7673,7959,7217,7360,233943,429703.2,,8.14,False,1.0
59,20180110,7274,7830,7188,7716,214559,447396.7,7904.7,1.48,False,1.0
60,20180111,7559,7659,7417,7445,102589,454654.1,7924.183333333333,2.87,False,1.0
61,20180112,7588,7631,7131,7146,112712,460524.7,7907.316666666667,6.79,False,1.0
62,20180115,7245,7260,6974,7103,76856,465711.1,7849.083333333333,2.21,False,1.0
63,20180116,6932,7317,6846,7103,112060,474100.6,7754.0,3.01,False,1.0
64,20180117,7131,7345,7017,7345,123070,345958.5,7704.55,0.0,False,1.0
65,20180118,7374,7502,7245,7331,113721,215448.3,7651.766666666666,2.33,False,1.0
66,20180119,7360,7488,7231,7231,73839,186183.6,7618.483333333334,3.55,False,1.0
67,20180122,7231,7231,7003,7032,50941,121429.0,7577.133333333333,2.83,False,1.0
68,20180123,7046,7117,6860,6932,72073,105242.0,7546.0,2.67,False,1.0
69,20180124,6960,7074,6860,6932,53332,89119.3,7510.583333333333,2.05,False,1.0
70,20180125,6932,7032,6860,6974,41341,82994.5,7477.05,0.83,False,1.0
71,20180126,7089,7488,7074,7260,219998,93723.1,7445.2,3.14,False,1.0
72,20180129,7260,7317,7131,7245,63074,92344.9,7395.75,0.99,False,1.0
73,20180130,7245,7488,7174,7445,103094,91448.3,7351.533333333334,0.58,False,1.0
74,20180131,7474,7845,7331,7402,222970,101438.3,7314.2,5.98,False,1.0
75,20180201,7303,7417,7103,7103,83036,98369.8,7283.533333333334,4.42,False,1.0
76,20180202,7089,7103,6875,6875,58801,96866.0,7247.4,3.32,False,1.0
77,20180205,6661,6661,6490,6518,53388,97110.7,7206.033333333334,2.19,False,1.0
78,20180206,6033,6361,5876,6333,69852,96888.6,7164.2,0.44,False,1.0
79,20180207,6447,6504,6218,6218,32391,94794.5,7113.55,4.6,False,1.0
80,20180208,6133,6333,6133,6304,28017,93462.1,7065.283333333334,0.46,False,0.0
81,20180209,6133,6161,6047,6076,24964,73958.7,7019.633333333333,1.4,False,0.0
82,20180212,6090,6247,6047,6062,16999,69351.2,6980.883333333333,3.05,False,0.0
83,20180213,6133,6176,6019,6047,21928,61234.6,6942.133333333333,2.13,False,0.0
84,20180214,6047,6104,5962,6076,14698,40407.4,6905.05,0.46,False,0.0
85,20180219,6104,6333,6104,6318,24249,34528.7,6882.466666666666,0.24,False,0.0
86,20180220,6290,6375,6147,6333,17344,30383.0,6864.4,0.66,False,0.0
87,20180221,6390,6504,6304,6504,19880,27032.2,6848.716666666666,0.0,False,0.0
88,20180222,6447,6561,6390,6447,14520,21499.0,6827.8,1.77,False,0.0
89,20180223,6447,6504,6304,6304,19129,20172.8,6807.6,3.17,False,0.0
90,20180226,6361,6361,6204,6204,14677,18838.8,6789.283333333334,2.53,False,0.0
91,20180227,6218,6333,6161,6161,22030,18545.4,6773.116666666667,2.79,False,0.0
92,20180228,6147,6247,6090,6161,22053,19050.8,6752.9,1.4,False,0.0
93,20180302,6161,6161,6047,6076,15543,18412.3,6735.316666666667,1.4,False,0.0
94,20180305,6005,6062,5762,5762,35054,20447.9,6717.016666666666,5.21,False,0.0
95,20180306,5933,5933,5734,5805,17146,19737.6,6702.283333333334,2.2,False,0.0
96,20180307,5748,5819,5705,5734,18889,19892.1,6681.133333333333,1.48,False,0.0
97,20180308,5762,5848,5719,5848,10960,19000.1,6664.016666666666,0.0,False,0.0
98,20180309,5848,6076,5833,6019,20738,19621.9,6653.566666666667,0.95,False,0.0
99,20180312,6062,6147,6019,6076,17916,19500.6,6644.3,1.17,False,0.0
100,20180313,6147,6147,5933,6119,17893,19822.2,6632.183333333333,0.46,False,0.0
101,20180314,6119,6119,5976,5990,12560,18875.2,6619.333333333333,2.15,False,0.0
102,20180315,6076,6076,5919,6047,12536,17923.5,6606.25,0.48,False,0.0
103,20180316,6005,7074,6005,6475,400345,56403.7,6596.733333333334,9.25,False,0.0
104,20180319,6475,6761,6347,6646,78340,60732.3,6593.633333333333,1.73,False,0.0
105,20180320,6618,6632,6461,6475,54033,64421.0,6591.016666666666,2.42,False,0.0
106,20180321,6447,6547,6261,6276,53935,67925.6,6591.016666666666,4.32,False,0.0
107,20180322,6276,6347,6133,6190,31630,69992.6,6591.733333333334,2.54,False,0.0
108,20180323,5990,6147,5791,5791,40857,72004.5,6591.266666666666,6.15,False,0.0
109,20180326,5734,5833,5562,5634,45438,74756.7,6587.0,3.53,False,0.0
110,20180327,5691,5905,5691,5833,30541,76021.5,6585.566666666667,1.23,False,0.0
111,20180328,5862,5962,5776,5876,15815,76347.0,6581.283333333334,1.46,False,0.0
112,20180329,5905,6090,5890,5990,19245,77017.9,6581.033333333334,1.67,False,0.0
113,20180330,6005,6104,5933,5990,16536,38637.0,6578.65,1.9,False,0.0
114,20180402,5976,5990,5676,5791,41042,34907.2,6542.283333333334,3.44,False,0.0
115,20180403,5662,5819,5634,5762,33653,32869.2,6509.0,0.99,False,0.0
116,20180404,5762,5976,5634,5762,28693,30345.0,6478.1,3.71,False,0.0
117,20180405,5762,5848,5719,5762,16240,28806.0,6446.25,1.49,False,0.0
118,20180406,5762,5848,5662,5676,18399,26560.2,6418.183333333333,3.03,False,0.0
119,20180409,5676,5691,5577,5634,21049,24121.3,6383.483333333334,1.01,False,0.0
120,20180410,5662,5662,5420,5477,32965,24363.7,6350.683333333333,3.38,False,0.0
121,20180411,5491,5605,5491,5520,15693,24351.5,6323.583333333333,1.54,False,0.0
122,20180412,5520,5734,5491,5676,17620,24189.0,6299.8,1.02,False,0.0
123,20180413,5676,5848,5562,5691,21792,24714.6,6276.266666666666,2.76,False,0.0
124,20180416,5691,5762,5648,5734,15173,22127.7,6249.416666666667,0.49,False,0.0
125,20180417,5734,5848,5534,5605,339945,52756.9,6220.65,4.34,False,0.0
126,20180418,5605,5819,5591,5705,61970,56084.6,6195.216666666666,2.0,False,0.0
127,20180419,5833,5848,5605,5619,254675,79928.1,6171.666666666667,4.08,False,0.0
128,20180420,5562,5619,5306,5306,110429,89131.1,6144.566666666667,5.9,False,0.0
129,20180423,5334,5363,5035,5049,87232,95749.4,6113.183333333333,6.22,False,0.0
130,20180424,5092,5134,4963,4992,46897,97142.6,6080.15,2.84,False,0.0
131,20180425,5020,5163,4992,5049,46527,100226.0,6043.3,2.26,False,0.0
132,20180426,5120,5363,5106,5192,68345,105298.5,6009.083333333333,3.29,False,0.0
133,20180427,5220,5291,5106,5149,31205,106239.8,5970.816666666667,2.76,False,0.0
134,20180430,5277,5348,5134,5249,65393,111261.8,5934.933333333333,1.89,False,0.0
135,20180502,5249,5377,5206,5291,54537,82721.0,5904.733333333334,1.63,False,0.0
136,20180503,5377,5391,5249,5291,42624,80786.4,5878.333333333333,1.89,False,0.0
137,20180504,5334,5363,5020,5192,44400,59758.9,5856.233333333334,3.29,False,0.0
138,20180508,5206,5306,5035,5120,43191,53035.1,5836.016666666666,3.63,False,0.0
139,20180509,5192,5206,5006,5163,22603,46572.2,5818.433333333333,0.83,False,0.0
140,20180510,5163,5220,5063,5106,27335,44616.0,5798.466666666666,2.23,False,0.0
141,20180511,5163,5405,5106,5306,78752,47838.5,5785.633333333333,1.87,False,0.0
142,20180514,5334,5391,5134,5206,43476,45351.6,5771.366666666667,3.55,False,0.0
143,20180515,5149,5234,5049,5106,51564,47387.5,5755.683333333333,2.51,False,0.0
144,20180516,4978,5163,4949,4992,51328,45981.0,5737.616666666667,3.43,False,0.0
145,20180517,5106,5134,4992,5020,26182,43145.5,5715.983333333334,2.27,False,0.0
146,20180518,5020,5120,5006,5092,19906,40873.7,5695.3,0.55,False,0.0
147,20180521,5149,5192,5063,5106,26222,39055.9,5672.0,1.68,False,0.0
148,20180523,5092,5163,5077,5149,20016,36738.4,5650.366666666667,0.27,False,0.0
149,20180524,5163,5334,5149,5206,56650,40143.1,5632.066666666667,2.46,False,0.0
150,20180525,5106,5134,5020,5106,31264,40536.0,5613.766666666666,0.55,False,0.0
151,20180528,5106,5106,5035,5063,23682,35029.0,5595.466666666666,0.85,False,0.0
152,20180529,5177,5363,5077,5077,80903,38771.7,5577.4,5.63,False,0.0
153,20180530,5077,5134,5006,5035,30481,36663.4,5560.05,1.97,False,0.0
154,20180531,5106,5134,5035,5106,21506,33681.2,5549.116666666667,0.55,False,0.0
155,20180601,5106,5220,5063,5192,24501,33513.1,5538.9,0.54,False,0.0
156,20180604,5263,5363,5163,5177,41571,35679.6,5529.616666666667,3.59,False,0.0
157,20180605,5192,5249,5163,5220,20753,35132.7,5519.15,0.56,False,0.0
158,20180607,5220,5534,5206,5434,123940,45525.1,5509.4,1.84,False,0.0
159,20180608,5434,5477,5291,5405,494924,89352.5,5498.216666666666,1.33,False,0.0
160,20180611,5420,5420,5177,5220,53644,91590.5,5483.233333333334,3.83,False,0.0
161,20180612,5220,5220,5020,5077,63454,95567.7,5468.016666666666,2.82,False,0.0
162,20180614,5077,5092,4978,5035,21595,89636.9,5451.15,1.13,False,0.0
163,20180615,5035,5092,4992,5049,12335,87822.3,5427.383333333333,0.85,False,0.0
164,20180618,4992,5049,4678,4835,51518,90823.5,5397.2,4.43,False,0.0
165,20180619,4735,4878,4436,4535,54157,93789.1,5364.866666666667,7.56,False,0.0
166,20180620,4493,4664,4407,4607,35866,93218.6,5337.05,1.24,False,0.0
167,20180621,4607,4635,4478,4592,19980,93141.3,5310.416666666667,0.94,False,0.0
168,20180622,4578,4621,4407,4436,22907,83038.0,5287.833333333333,4.17,False,0.0
169,20180625,4407,4564,4393,4564,11934,34739.0,5270.0,0.0,False,0.0
170,20180626,4521,4564,4436,4507,11880,30562.6,5247.9,1.26,False,0.0
171,20180627,4635,4664,4478,4550,11638,25381.0,5225.8,2.51,False,0.0
172,20180628,4493,4578,4336,4436,15338,24755.3,5199.9,3.2,False,0.0
173,20180629,4436,4478,4179,4421,40967,27618.5,5173.75,1.29,False,0.0
174,20180702,4336,4407,4136,4193,19749,24441.6,5147.116666666667,5.1,False,0.0
175,20180703,4193,4264,3993,4122,43658,23391.7,5119.783333333334,3.44,False,0.0
176,20180704,4093,4165,4036,4150,19183,21723.4,5092.916666666667,0.36,False,0.0
177,20180705,4179,4421,4036,4364,46952,24420.6,5069.616666666667,1.31,False,0.0
178,20180706,4407,4421,4236,4407,19044,24034.3,5048.466666666666,0.32,False,0.0
179,20180709,4321,4507,4321,4393,14603,24301.2,5027.783333333334,2.6,False,0.0
180,20180710,4493,5220,4450,4678,869406,110053.8,5014.466666666666,11.59,False,0.0
181,20180711,4721,4749,4521,4521,130695,121959.5,4997.816666666667,5.04,False,0.0
182,20180712,4478,4507,4364,4407,102323,130658.0,4976.666666666667,2.27,False,0.0
183,20180713,4450,4707,4450,4535,118528,138414.1,4957.4,3.79,False,0.0
184,20180716,4607,4749,4578,4735,88711,145310.3,4940.75,0.3,False,0.0
185,20180717,4849,4935,4721,4721,93068,150251.3,4926.016666666666,4.53,False,0.0
186,20180718,4721,4792,4507,4564,53091,153642.1,4907.0,5.0,False,0.0
187,20180719,4564,4635,4450,4521,38875,152834.4,4888.7,2.52,False,0.0
188,20180720,4564,4607,4393,4478,36995,154629.5,4874.9,2.88,False,0.0
189,20180723,4436,4478,4079,4193,78448,161014.0,4860.633333333333,6.8,False,0.0
190,20180724,4136,4264,4079,4207,54939,79567.3,4847.55,1.35,False,0.0
191,20180725,4165,4207,3993,3993,51613,71659.1,4829.95,5.36,False,0.0
192,20180726,4008,4122,3993,4065,33769,64803.7,4811.166666666667,1.4,False,0.0
193,20180727,4036,4222,4036,4136,32588,56209.7,4794.283333333334,2.08,False,0.0
194,20180730,4222,4407,4150,4165,41417,51480.3,4776.216666666666,5.81,False,0.0
195,20180731,4165,4250,4136,4179,22692,44442.7,4757.683333333333,1.7,False,0.0
196,20180801,4179,4321,4179,4307,32846,42418.2,4741.283333333334,0.33,False,0.0
197,20180802,4279,4378,4193,4279,32489,41779.6,4726.066666666667,2.31,False,0.0
198,20180803,4307,4350,4207,4250,19605,40040.6,4711.566666666667,2.35,False,0.0
199,20180806,4264,4264,4207,4207,14472,33643.0,4695.633333333333,1.35,False,0.0
200,20180807,4207,4364,4136,4364,41930,32342.1,4683.266666666666,0.0,False,0.0
201,20180808,4393,4507,4321,4450,40717,31252.5,4669.0,1.28,False,0.0
202,20180809,4464,4478,4336,4336,20624,29938.0,4654.5,3.27,False,0.0
203,20180810,4350,4378,4179,4222,21068,28786.0,4639.766666666666,3.69,False,0.0
204,20180813,4222,4264,4050,4107,23615,27005.8,4625.016666666666,3.82,False,0.0
205,20180814,4050,4150,4022,4050,30215,27758.1,4608.85,2.47,False,0.0
206,20180816,4022,4050,3879,3965,28789,27352.4,4590.066666666667,2.14,False,0.0
207,20180817,3979,4079,3965,3979,14670,25570.5,4571.283333333334,2.51,False,0.0
208,20180820,3979,4122,3979,4093,13665,24976.5,4553.683333333333,0.71,False,0.0
209,20180821,4136,4136,4022,4093,19090,25438.3,4535.133333333333,1.05,False,0.0
210,20180822,4107,4136,4022,4050,14900,22735.3,4517.533333333334,2.12,False,0.0
211,20180823,4093,4093,3993,4008,12868,19950.4,4499.95,2.12,False,0.0
212,20180824,3993,4122,3993,4107,17990,19687.0,4483.783333333334,0.37,False,0.0
213,20180827,4107,4107,4036,4065,9595,18539.7,4467.616666666667,1.03,False,0.0
214,20180828,4065,4150,4050,4065,16738,17852.0,4450.266666666666,2.09,False,0.0
215,20180829,4079,4364,4079,4264,60584,20888.9,4434.8,2.35,False,0.0
216,20180830,4336,4578,4279,4336,105081,28518.1,4420.783333333334,5.58,False,0.0
217,20180831,4321,4393,4264,4321,19602,29011.3,4405.8,1.67,False,0.0
218,20180903,4350,4378,4193,4193,27250,30369.8,4385.116666666667,4.41,False,0.0
219,20180904,4193,4264,4150,4236,18068,30267.6,4365.633333333333,0.66,False,0.0
220,20180905,4207,4236,4079,4165,28185,31596.1,4348.05,1.7,False,0.0
221,20180906,4165,4165,4065,4079,24827,32792.0,4331.416666666667,2.11,False,0.0
222,20180907,4079,4107,4036,4079,9085,31901.5,4315.483333333334,0.69,False,0.0
223,20180910,4079,4093,3979,4022,26887,33630.7,4298.366666666667,1.77,False,0.0
224,20180911,4036,4093,3965,4050,10872,33044.1,4285.283333333334,1.06,False,0.0
225,20180912,4079,4136,4022,4136,27295,29715.2,4278.633333333333,0.0,False,0.0
226,20180913,4150,4193,4079,4079,13922,20599.3,4269.833333333333,2.79,False,0.0
227,20180914,4093,4150,4079,4150,18179,20457.0,4262.466666666666,0.0,False,0.0
228,20180917,4179,4193,4008,4022,21854,19917.4,4255.566666666667,4.25,False,0.0
229,20180918,4022,4707,4022,4378,683580,86468.6,4252.466666666666,7.51,False,0.0
230,20180919,4407,4421,4293,4421,117552,95405.3,4251.033333333334,0.0,False,0.0
231,20180920,4464,4493,4279,4336,123057,105228.3,4247.466666666666,3.62,False,0.0
232,20180921,4336,4436,4307,4321,66034,110923.2,4245.55,2.66,False,0.0
233,20180927,4321,4535,4207,4478,111235,119358.0,4246.5,1.27,False,0.0
234,20180928,4436,4550,4393,4407,54749,123745.7,4250.066666666667,3.24,False,0.0
235,20181001,4436,4493,4350,4478,40478,125064.0,4256.0,0.33,False,0.0
236,20181002,4578,4707,4350,4350,127613,136433.1,4259.333333333333,8.21,False,0.0
237,20181004,4378,4464,4279,4336,36644,138279.6,4258.866666666667,2.95,False,0.0
238,20181005,4250,4364,4179,4236,54106,141504.8,4256.016666666666,3.02,False,0.0
239,20181008,4179,4264,4107,4165,37656,76912.4,4252.216666666666,2.38,False,0.0
240,20181010,4122,4236,3879,3879,69454,72102.6,4238.9,9.2,False,0.0
241,20181011,3751,3765,3451,3694,99538,69750.7,4225.116666666667,1.92,False,0.0
242,20181012,3508,3794,3480,3680,50875,68234.8,4213.0,3.1,False,0.0
243,20181015,3694,3794,3608,3708,22840,59395.3,4199.216666666666,2.32,False,0.0
244,20181016,3651,3808,3622,3722,15044,55424.8,4182.333333333333,2.31,False,0.0
245,20181017,3808,3822,3694,3751,12601,52637.1,4166.166666666667,1.89,False,0.0
246,20181018,3737,3779,3680,3751,9446,40820.4,4152.616666666667,0.75,False,0.0
247,20181019,3665,3751,3622,3737,19424,39098.4,4139.55,0.37,False,0.0
248,20181022,3765,3794,3680,3737,6454,34333.2,4127.2,1.53,False,0.0
249,20181023,3765,3765,3537,3608,25801,33147.7,4117.45,4.35,False,0.0
250,20181024,3608,3665,3466,3551,34611,29663.4,4106.516666666666,3.21,False,0.0
251,20181025,3394,3508,3252,3437,75761,27285.7,4097.25,2.07,False,0.0
252,20181026,3451,3523,3138,3166,137333,35931.5,4082.266666666667,11.28,False,0.0
253,20181029,3052,3138,2829,2844,202130,53860.5,4060.733333333333,10.34,False,0.0
254,20181030,2792,2881,2695,2829,87247,61080.8,4038.4666666666667,1.84,False,0.0
255,20181031,2847,2938,2781,2909,47621,64582.8,4017.3,1.0,False,0.0
256,20181101,2909,3779,2909,3779,918042,155442.4,4008.5,0.0,False,0.0
257,20181102,3879,3908,3594,3765,523624,205862.4,3999.9333333333334,3.8,False,0.0
258,20181105,3779,3794,3622,3665,143886,219605.6,3990.1833333333334,3.52,False,0.0
259,20181106,3665,3694,3537,3580,105561,227581.6,3979.733333333333,3.18,False,0.0
260,20181107,3622,3922,3594,3737,289900,253110.5,3969.2833333333333,4.95,False,0.0
261,20181108,3779,3865,3680,3765,85011,254035.5,3957.866666666667,2.66,False,0.0
262,20181109,3808,4050,3708,3865,276251,267927.3,3950.016666666667,4.79,False,0.0
263,20181112,3894,3979,3779,3822,73081,255022.4,3943.35,4.11,False,0.0
264,20181113,3722,4707,3708,4350,1223442,368641.9,3947.4,8.21,False,0.0
265,20181114,4393,4592,4079,4193,510407,414920.5,3949.7833333333333,9.52,False,0.0
266,20181115,4193,4421,4122,4321,333936,356509.9,3955.7166666666667,2.31,False,0.0
267,20181116,5125,5416,4390,4458,880673,392214.8,3963.7,21.49,True,1.0
268,20181119,4430,4532,4361,4361,114028,389229.0,3968.1666666666665,3.92,False,1.0
269,20181120,4321,4327,4202,4253,89986,387671.5,3970.8333333333335,1.74,False,1.0
270,20181121,4156,4202,4065,4128,75560,366237.5,3972.133333333333,1.79,False,1.0
271,20181122,4128,4156,3996,4002,53088,363045.2,3972.0333333333333,3.85,False,1.0
272,20181123,4002,4048,3854,3899,55712,340991.3,3968.5666666666666,3.82,False,1.0
273,20181126,3877,4903,3877,4641,1427829,476466.1,3978.1666666666665,5.65,False,1.0
274,20181127,4652,4658,4344,4350,320161,386138.0,3982.9166666666665,7.08,False,1.0
275,20181128,4350,4492,4230,4435,210802,356177.5,3985.766666666667,1.29,False,1.0
276,20181129,4435,4738,4350,4424,379998,360783.7,3987.233333333333,7.1,False,1.0
277,20181130,4270,4321,4122,4162,165536,289270.0,3984.5833333333335,3.82,False,1.0
278,20181203,4190,4378,4105,4139,183212,296188.4,3983.6833333333334,5.77,False,1.0
279,20181204,3985,4042,3877,3962,439539,331143.7,3979.116666666667,2.02,False,1.0
280,20181205,3871,3962,3842,3888,112609,334848.6,3974.5,1.9,False,1.0
281,20181206,3917,4236,3911,4031,432984,372838.2,3973.7,5.09,False,1.0
282,20181207,4031,4162,3957,3985,183859,385652.9,3972.133333333333,4.44,False,1.0
283,20181210,3991,4059,3831,3848,93951,252265.1,3969.233333333333,5.48,False,1.0
284,20181211,3860,3951,3820,3865,59285,226177.5,3966.15,2.23,False,1.0
285,20181212,3888,4042,3854,3962,111425,216239.8,3963.25,2.02,False,1.0
286,20181213,4014,4042,3945,4031,67525,184992.5,3962.45,0.27,False,1.0
287,20181214,4019,4042,3905,3951,66510,175089.9,3959.133333333333,2.3,False,1.0
288,20181217,3962,3968,3763,3768,80543,164823.0,3954.9,5.31,False,1.0
289,20181218,3717,3808,3706,3757,43688,125237.9,3944.55,1.36,False,1.0
290,20181219,3728,3871,3728,3865,57451,119722.1,3935.2833333333333,0.16,False,1.0
291,20181220,3831,3877,3797,3854,37241,80147.8,3927.25,0.6,False,1.0
292,20181221,3785,3894,3785,3877,36952,65457.1,3919.85,0.44,False,0.0
293,20181224,3877,4008,3877,3991,62098,62271.8,3911.733333333333,0.43,False,0.0
294,20181226,3917,3991,3871,3928,62791,62622.4,3903.75,1.6,False,0.0
295,20181227,4008,4081,3788,3808,99698,61449.7,3892.5833333333335,7.17,False,0.0
296,20181228,3781,3901,3781,3868,31801,57877.3,3884.55,0.85,False,0.0
297,20190102,3835,3868,3668,3668,61537,57380.0,3873.4166666666665,5.45,False,0.0
298,20190103,3601,3715,3501,3615,58621,55187.8,3863.0666666666666,2.77,False,0.0
299,20190104,3548,3608,3434,3474,67003,57519.3,3851.55,3.86,False,0.0
300,20190107,3501,3655,3501,3554,27821,54556.3,3846.133333333333,2.84,False,0.0
301,20190108,3448,3628,3448,3508,61372,56969.4,3843.0333333333333,3.42,False,0.0
302,20190109,3534,3534,3488,3508,39183,57192.5,3840.1666666666665,0.74,False,0.0
303,20190110,3494,3528,3474,3508,24694,53452.1,3836.8333333333335,0.57,False,0.0
304,20190111,3548,3581,3508,3541,40459,51218.9,3833.8166666666666,1.13,False,0.0
305,20190114,3781,3928,3588,3661,109871,52236.2,3832.3166666666666,7.29,False,0.0
306,20190115,3701,3701,3601,3641,23182,51374.3,3830.483333333333,1.65,False,0.0
307,20190116,3668,3668,3608,3641,36541,48874.7,3828.883333333333,0.74,False,0.0
308,20190117,3668,3681,3588,3635,24623,45474.9,3827.1833333333334,1.27,False,0.0
309,20190118,3601,3675,3568,3648,37273,42501.9,3827.85,0.74,False,0.0
310,20190121,3661,3715,3615,3681,25082,42228.0,3830.016666666667,0.92,False,0.0
311,20190122,3688,3735,3628,3721,61137,42204.5,3834.75,0.38,False,0.0
312,20190123,3748,3808,3701,3755,64094,44695.6,3844.5666666666666,1.41,False,0.0
313,20190124,3768,3795,3708,3748,20329,44259.1,3859.633333333333,1.25,False,0.0
314,20190125,3748,3755,3688,3708,356274,75840.6,3874.2833333333333,1.27,False,0.0
315,20190128,3735,3861,3735,3808,83127,73166.2,3889.266666666667,1.39,False,0.0
316,20190129,3768,3841,3668,3741,53524,76200.4,3888.633333333333,2.67,False,0.0
317,20190130,3728,3781,3661,3721,64422,78988.5,3887.9,1.61,False,0.0
318,20190131,3741,3775,3641,3721,59508,82477.0,3888.8333333333335,1.45,False,0.0
319,20190201,3721,3915,3721,3821,137131,92462.8,3892.85,2.46,False,0.0
320,20190207,3801,3841,3735,3841,37215,93676.1,3894.5833333333335,0.0,False,0.0
321,20190208,3835,3841,3781,3828,35316,91094.0,3895.633333333333,0.34,False,0.0
322,20190211,3828,3855,3781,3808,31367,87821.3,3894.6833333333334,1.23,False,0.0
323,20190212,3841,3868,3768,3861,53469,91135.3,3895.3333333333335,0.18,False,0.0
324,20190213,3808,3921,3795,3828,34579,58965.8,3886.633333333333,2.43,False,0.0
325,20190214,3828,3921,3801,3908,84419,59095.0,3881.883333333333,0.33,False,0.0
326,20190215,3928,3948,3861,3915,54037,59146.3,3875.116666666667,0.84,False,0.0
327,20190218,3935,3968,3875,3908,27795,55483.6,3865.95,1.54,False,0.0
328,20190219,3908,3968,3895,3955,46970,54229.8,3859.1833333333334,0.33,False,0.0
329,20190220,4035,5002,4035,4415,2806996,321216.3,3861.883333333333,13.3,False,0.0
330,20190221,4435,4508,4308,4468,451628,362657.6,3867.55,0.9,False,0.0
331,20190222,4442,4595,4302,4322,313096,390435.6,3872.883333333333,6.32,False,0.0
332,20190225,4288,4528,4288,4388,196623,406961.2,3881.0333333333333,3.19,False,0.0
333,20190226,4388,4435,4241,4241,130201,414634.4,3874.366666666667,4.57,False,0.0
334,20190227,4281,4368,4228,4362,65566,417733.1,3874.5666666666666,0.14,False,0.0
335,20190228,4348,4382,3915,4095,137914,423082.6,3868.9,7.01,False,0.0
336,20190304,4068,4221,4068,4168,50913,422770.2,3864.633333333333,1.27,False,0.0
337,20190305,4168,4248,4061,4155,42735,424264.2,3864.516666666667,2.24,False,0.0
338,20190306,4161,4422,4155,4395,256968,445264.0,3868.7833333333333,0.61,False,0.0
339,20190307,4342,4388,4235,4322,124411,177005.5,3874.7833333333333,1.53,False,0.0
340,20190308,4322,4335,4175,4235,60333,137876.0,3880.5666666666666,2.36,False,0.0
341,20190311,4241,4288,4115,4215,42547,110821.1,3883.633333333333,1.73,False,0.0
342,20190312,4235,4328,4201,4248,60244,97183.2,3888.016666666667,1.88,False,0.0
343,20190313,4248,4308,4195,4308,57505,89913.6,3895.6833333333334,0.0,False,0.0
344,20190314,4335,4762,4328,4388,991746,182531.6,3904.4,8.52,False,0.0
345,20190315,4348,4495,4335,4475,180502,186790.4,3912.95,0.45,False,0.0
346,20190318,4482,4668,4462,4668,330627,214761.8,3923.5666666666666,0.0,False,0.0
347,20190319,4695,4795,4548,4782,284452,238933.5,3937.4166666666665,0.27,False,0.0
348,20190320,4782,4795,4608,4648,235499,236786.6,3952.0833333333335,3.16,False,0.0
349,20190321,4635,4635,4428,4428,153764,239721.9,3963.266666666667,4.67,False,0.0
350,20190322,4442,4568,4388,4402,83995,242088.1,3972.2166666666667,3.77,False,0.0
351,20190325,4342,4402,4128,4128,112914,249124.8,3976.7833333333333,6.64,False,0.0
352,20190326,4148,4248,4135,4228,42634,247363.8,3982.633333333333,0.47,False,0.0
353,20190327,4228,4268,4121,4208,51730,246786.3,3986.25,1.43,False,0.0
354,20190328,4208,4241,4121,4181,46219,152233.6,3990.4666666666667,1.44,False,0.0
355,20190329,4141,4248,4135,4188,25519,136735.3,3996.8,1.43,False,0.0
356,20190401,4181,4295,4181,4275,37353,107407.9,4003.5833333333335,0.47,False,0.0
357,20190402,4248,4315,4248,4295,27000,81662.7,4014.0333333333333,0.47,False,0.0
358,20190403,4308,4388,4255,4382,43886,62501.4,4026.8166666666666,0.14,False,0.0
359,20190404,4402,4402,4268,4322,34367,50561.7,4040.95,1.85,False,0.0
360,20190405,4295,4375,4221,4275,44909,46653.1,4052.9666666666667,2.34,False,0.0
361,20190408,4275,4435,4275,4362,68988,42260.5,4067.2,1.67,False,0.0
362,20190409,4362,4522,4355,4482,117139,49711.0,4083.4333333333334,0.89,False,0.0
363,20190410,4502,4508,4422,4488,374192,81957.2,4099.766666666666,0.45,False,0.0
364,20190411,4468,4495,4388,4448,80406,85375.9,4114.883333333333,1.06,False,0.0
365,20190412,4415,4455,4362,4435,52840,88108.0,4127.783333333334,0.45,False,0.0
366,20190415,4468,4475,4362,4422,45243,88897.0,4140.8,1.2,False,0.0
367,20190416,4402,4422,4268,4315,79127,94109.7,4152.033333333334,2.48,False,0.0
368,20190417,4328,4355,4255,4355,34074,93128.5,4164.033333333334,0.0,False,0.0
369,20190418,4268,4275,4135,4141,225964,112288.2,4172.25,3.24,False,0.0
370,20190419,4155,4201,4148,4161,72003,114997.6,4180.25,0.96,False,0.0
371,20190422,4168,4201,4141,4155,50908,113189.6,4187.483333333334,1.11,False,0.0
372,20190423,4261,4508,4208,4281,853574,186833.1,4196.25,5.3,False,0.0
373,20190424,4255,4322,4181,4215,157133,165127.2,4204.033333333334,2.54,False,0.0
374,20190425,4188,4215,4061,4061,128267,169913.3,4209.916666666667,3.79,False,0.0
375,20190426,4015,4095,3908,3955,104561,175085.4,4212.366666666667,3.54,False,0.0
376,20190429,3941,3975,3868,3961,58032,176364.3,4216.033333333334,0.35,False,0.0
377,20190430,4001,4048,3935,4028,48247,173276.3,4221.15,0.5,False,0.0
378,20190502,3955,4015,3941,4008,70387,176907.6,4225.933333333333,0.17,False,0.0
379,20190503,3961,4055,3961,4035,61713,160482.5,4229.5,0.5,False,0.0
380,20190507,3961,4035,3941,4028,52698,158552.0,4232.616666666667,0.17,False,0.0
381,20190508,3901,4028,3901,3935,63191,159780.3,4234.4,2.36,False,0.0
382,20190509,3908,4001,3695,3768,77259,82148.8,4233.733333333334,6.18,False,0.0
383,20190510,3755,3795,3641,3755,62634,72698.9,4231.966666666666,1.07,False,0.0
384,20190513,3735,3788,3675,3728,38961,63768.3,4230.3,1.61,False,0.0
385,20190514,3715,3728,3575,3715,37748,57087.0,4227.083333333333,0.35,False,0.0
386,20190515,3735,3841,3728,3795,43292,55613.0,4225.083333333333,1.21,False,0.0
387,20190516,3795,3835,3701,3755,35678,54356.1,4222.533333333334,2.13,False,0.0
388,20190517,3881,3881,3695,3755,28538,50171.2,4219.2,3.36,False,0.0
389,20190520,3755,3775,3621,3661,29370,46936.9,4206.633333333333,3.11,False,0.0
390,20190521,3615,3648,3554,3581,38081,45475.2,4191.85,1.87,False,0.0
391,20190522,3581,3635,3561,3635,24022,41558.3,4180.4,0.0,False,0.0
392,20190523,3608,3621,3448,3534,34937,37326.1,4166.166666666667,2.46,False,0.0
393,20190524,3534,3568,3321,3361,83194,39382.1,4151.5,6.16,False,0.0
394,20190527,3354,3448,3334,3368,25209,38006.9,4134.933333333333,2.38,False,0.0
395,20190528,3334,3521,3334,3521,51780,39410.1,4125.366666666667,0.0,False,0.0
396,20190529,3648,3768,3474,3581,90022,44083.1,4115.583333333333,5.22,False,0.0
397,20190530,3581,3588,3488,3548,20131,42528.4,4105.466666666666,1.13,False,0.0
398,20190531,3534,3561,3494,3548,21352,41809.8,4091.35,0.37,False,0.0
399,20190603,3548,3595,3514,3575,17648,40637.6,4078.9,0.56,False,0.0
400,20190604,3575,3601,3514,3575,22996,39129.1,4067.9,0.73,False,0.0
401,20190605,3575,3655,3534,3608,24417,39168.6,4057.7833333333333,1.3,False,0.0
402,20190607,3628,3648,3575,3615,26380,38312.9,4047.233333333333,0.91,False,0.0
403,20190610,3635,3695,3608,3661,18203,31813.8,4036.45,0.93,False,0.0
404,20190611,3661,3688,3628,3688,31547,32447.6,4024.7833333333333,0.0,False,0.0
405,20190612,3728,3728,3628,3701,21329,29402.5,4011.883333333333,0.73,False,0.0
406,20190613,3641,3688,3635,3661,26237,23024.0,3995.1,0.74,False,0.0
407,20190614,3575,3695,3575,3615,30561,24067.0,3975.65,2.21,False,0.0
408,20190617,3575,3615,3534,3581,29845,24916.3,3957.866666666667,0.95,False,0.0
409,20190618,3548,3701,3548,3668,57449,28896.4,3945.2,0.9,False,0.0
410,20190619,3635,3708,3621,3668,23317,28928.5,3932.9666666666667,1.09,False,0.0
411,20190620,3635,3735,3621,3735,38108,30297.6,3926.4166666666665,0.0,False,0.0
412,20190621,3755,3808,3668,3708,39981,31657.7,3917.75,2.7,False,0.0
413,20190624,3768,3768,3628,3661,14515,31288.9,3908.633333333333,2.92,False,0.0
414,20190625,3621,3655,3554,3588,38795,32013.7,3898.75,1.87,False,0.0
415,20190626,3608,3628,3521,3581,30191,32899.9,3888.633333333333,1.31,False,0.0
416,20190627,3601,3695,3554,3661,47884,35064.6,3878.4,0.93,False,0.0
417,20190628,3668,3701,3554,3655,28427,34851.2,3867.733333333333,1.26,False,0.0
418,20190701,3655,3695,3581,3668,22678,34134.5,3855.8333333333335,0.74,False,0.0
419,20190702,3635,3801,3601,3775,90661,37455.7,3846.7166666666667,0.69,False,0.0
420,20190703,3775,3928,3735,3915,222502,57374.2,3840.7166666666667,0.33,False,0.0
421,20190704,3928,4055,3741,4001,239745,77537.9,3834.7,1.35,False,0.0
422,20190705,3975,4015,3848,3895,88198,82359.6,3824.9166666666665,3.08,False,0.0
423,20190708,3895,3895,3668,3675,86538,89561.9,3811.366666666667,5.99,False,0.0
424,20190709,3641,3821,3608,3668,45223,90204.7,3798.366666666667,4.17,False,0.0
425,20190710,3675,3788,3648,3775,28884,90074.0,3787.366666666667,0.34,False,0.0
426,20190711,3768,3941,3768,3941,83488,93634.4,3779.35,0.0,False,0.0
427,20190712,3948,3948,3801,3875,53397,96131.4,3772.016666666667,1.88,False,0.0
428,20190715,3835,3881,3748,3828,50952,98958.8,3763.233333333333,1.38,False,0.0
429,20190716,3808,3935,3748,3901,104417,100334.4,3759.233333333333,0.87,False,0.0
430,20190717,3855,3868,3775,3821,40628,82147.0,3753.5666666666666,1.23,False,0.0
431,20190718,3821,3821,3755,3808,33285,61501.0,3747.7833333333333,0.34,False,0.0
432,20190719,3768,3821,3708,3808,36069,56288.1,3739.9,0.34,False,0.0
433,20190722,3815,3981,3801,3955,106843,58318.6,3735.5666666666666,0.66,False,0.0
434,20190723,3955,4068,3841,3915,164107,70207.0,3733.133333333333,3.91,False,0.0
435,20190724,3915,3955,3795,3795,59231,73241.7,3730.4666666666667,4.22,False,0.0
436,20190725,3775,3828,3675,3675,50801,69973.0,3725.7,4.16,False,0.0
437,20190726,3635,3701,3548,3621,45825,69215.8,3718.9166666666665,2.21,False,0.0
438,20190729,3568,3635,3441,3441,58951,70015.7,3709.4666666666667,5.64,False,0.0
439,20190730,3441,3521,3428,3481,37828,63356.8,3700.233333333333,1.15,False,0.0
440,20190731,3428,3494,3341,3488,42809,63574.9,3691.233333333333,0.17,False,0.0
441,20190801,3488,3501,3361,3461,27209,62967.3,3683.3333333333335,1.16,False,0.0
442,20190802,3441,3441,3328,3408,29476,62308.0,3677.3333333333335,0.97,False,0.0
443,20190805,3334,3408,3084,3181,85446,60168.3,3667.766666666667,7.14,False,0.0
444,20190806,2948,3164,2918,2994,95302,53287.8,3655.5333333333333,5.68,False,0.0
445,20190807,2934,3201,2934,3004,34683,50833.0,3643.6833333333334,6.56,False,0.0
446,20190808,3028,3148,2994,3134,49796,50732.5,3632.6666666666665,0.45,False,0.0
447,20190809,3114,3254,3114,3181,31610,49311.0,3623.1,2.29,False,0.0
448,20190812,3124,3204,3111,3188,52148,48630.7,3613.65,0.5,False,0.0
449,20190813,3171,3171,3118,3161,22022,47050.1,3605.3166666666666,0.32,False,0.0
450,20190814,3161,3188,3114,3168,26130,45382.2,3598.4333333333334,0.63,False,0.0
451,20190816,3131,3251,3088,3244,78473,50508.6,3591.9166666666665,0.22,False,0.0
452,20190819,3288,3308,3184,3228,44909,52051.9,3586.8166666666666,2.48,False,0.0
453,20190820,3261,3268,3198,3254,36721,47179.4,3585.0333333333333,0.43,False,0.0
454,20190821,3331,3334,3211,3334,106029,48252.1,3584.4666666666667,0.0,False,0.0
455,20190822,3534,3735,3324,3374,448792,89663.0,3582.016666666667,10.7,False,0.0
456,20190823,3314,3374,3281,3291,28959,87579.3,3577.1833333333334,2.52,False,0.0
457,20190826,3201,3258,3134,3151,26356,87053.9,3570.5666666666666,3.4,False,0.0
458,20190827,3154,3241,3141,3178,25067,84345.8,3564.4,1.98,False,0.0
459,20190828,3178,3204,3148,3201,14577,83601.3,3558.1666666666665,0.09,False,0.0
460,20190829,3214,3234,3154,3201,23425,83330.8,3551.9333333333334,1.03,False,0.0
461,20190830,3201,3314,3201,3224,26197,78103.2,3545.5333333333333,2.79,False,0.0
462,20190902,3221,3301,3188,3251,26288,76241.1,3539.4666666666667,1.54,False,0.0
463,20190903,3238,3314,3238,3284,10385,73607.5,3533.1833333333334,0.91,False,0.0
464,20190904,3301,3341,3284,3331,22236,65228.2,3527.233333333333,0.3,False,0.0
465,20190905,3328,3408,3291,3361,53741,25723.1,3521.5666666666666,1.4,False,0.0
466,20190906,3374,3381,3321,3368,22601,25087.3,3516.6833333333334,0.39,False,0.0
467,20190909,3374,3408,3291,3354,15526,24004.3,3512.3333333333335,1.61,False,0.0
468,20190910,3354,3374,3301,3361,24014,23899.0,3508.6666666666665,0.39,False,0.0
469,20190911,3361,3388,3314,3388,16622,24103.5,3504.0,0.0,False,0.0
470,20190916,3368,3414,3354,3388,15999,23360.9,3499.3333333333335,0.77,False,0.0
471,20190917,3401,3401,3328,3374,32982,24039.4,3493.3166666666666,0.8,False,0.0
472,20190918,3334,3388,3301,3361,24897,23900.3,3487.5333333333333,0.8,False,0.0
473,20190919,3324,3494,3324,3468,76843,30546.1,3484.3166666666666,0.75,False,0.0
474,20190920,3494,3494,3368,3421,30838,31406.3,3481.5333333333333,2.13,False,0.0
475,20190923,3421,3421,3331,3334,20762,28108.4,3477.4166666666665,2.61,False,0.0
476,20190924,3311,3368,3311,3324,11077,26956.0,3471.8,1.32,False,0.0
477,20190925,3354,3354,3201,3201,37613,29164.7,3464.233333333333,4.78,False,0.0
478,20190926,3204,3301,3144,3168,66840,33447.3,3455.9,4.2,False,0.0
479,20190927,3171,3208,3128,3174,30199,34805.0,3445.883333333333,1.07,False,0.0
480,20190930,3174,3174,3108,3148,21354,35340.5,3433.1,0.83,False,0.0
481,20191001,3121,3181,3121,3168,20418,34084.1,3419.2166666666667,0.41,False,0.0
482,20191002,3194,3194,3128,3174,15293,33123.7,3407.2,0.63,False,0.0
483,20191004,3171,3174,3068,3131,26113,28050.7,3398.133333333333,1.37,False,0.0
484,20191007,3101,3648,3084,3361,643212,89288.1,3393.016666666667,8.54,False,0.0
485,20191008,3314,3514,3314,3428,243904,111602.3,3387.233333333333,2.51,False,0.0
486,20191010,3394,3508,3361,3488,65706,117065.2,3379.6833333333334,0.57,False,0.0
487,20191011,3448,3508,3421,3468,33824,116686.3,3372.9,1.15,False,0.0
488,20191014,3481,3501,3401,3448,47211,114723.4,3366.5666666666666,1.54,False,0.0
489,20191015,3421,3481,3408,3481,37255,115429.0,3359.5666666666666,0.0,False,0.0
490,20191016,3494,3528,3454,3514,36257,116919.3,3354.45,0.4,False,0.0
491,20191017,3554,3575,3494,3568,48044,119681.9,3350.45,0.2,False,0.0
492,20191018,3568,3621,3534,3554,88640,127016.6,3346.2166666666667,1.89,False,0.0
493,20191021,3521,3628,3501,3575,102640,134669.3,3339.883333333333,1.48,False,0.0
494,20191022,3600,3655,3385,3410,172086,87556.7,3331.4666666666667,7.18,False,0.0
495,20191023,3395,3420,3335,3335,45912,67757.5,3323.8,2.55,False,0.0
496,20191024,3315,3385,3250,3330,44053,65592.2,3318.05,1.65,False,0.0
497,20191025,3305,3390,3275,3325,20098,64219.6,3313.116666666667,1.95,False,0.0
498,20191028,3325,3405,3295,3315,23791,61877.6,3311.016666666667,2.71,False,0.0
499,20191029,3295,3370,3280,3340,16776,59829.7,3308.6666666666665,0.9,False,0.0
500,20191030,3340,3340,3265,3335,25777,58781.7,3306.116666666667,0.15,False,0.0
501,20191031,3315,3395,3305,3340,16199,55597.2,3304.1,1.65,False,0.0
502,20191101,3300,3390,3275,3340,27669,49500.1,3302.9666666666667,1.5,False,0.0
503,20191104,3345,3400,3340,3400,26370,41873.1,3306.616666666667,0.0,False,0.0
504,20191105,3400,3435,3385,3430,20061,26670.6,3313.883333333333,0.15,False,0.0
505,20191106,3520,3525,3440,3470,46204,26699.8,3321.65,1.59,False,0.0
506,20191107,3460,3530,3455,3485,17048,23999.3,3327.5,1.29,False,0.0
507,20191108,3485,3520,3415,3445,21928,24182.3,3331.9,2.18,False,0.0
508,20191111,3410,3470,3335,3445,34720,25275.2,3336.1833333333334,0.73,False,0.0
509,20191112,3420,3500,3375,3405,29391,26536.7,3340.25,2.79,False,0.0
510,20191113,3350,3390,3290,3300,95685,33527.5,3342.45,2.73,False,0.0
511,20191114,3270,3335,3250,3310,43956,36303.2,3343.55,0.76,False,0.0
512,20191115,3310,3330,3250,3275,46760,38212.3,3344.3333333333335,1.68,False,0.0
513,20191118,3300,3300,3260,3290,27527,38328.0,3344.9333333333334,0.3,False,0.0
514,20191119,3275,3290,3160,3230,75371,43859.0,3343.2,1.86,False,0.0
515,20191120,3205,3230,3115,3180,59889,45227.5,3339.9666666666667,1.57,False,0.0
516,20191121,3150,3215,3015,3105,87564,52279.1,3336.866666666667,3.54,False,0.0
517,20191122,3105,3115,3025,3095,27789,52865.2,3335.9333333333334,0.65,False,0.0
518,20191125,3090,3140,3065,3120,27500,52143.2,3334.9666666666667,0.64,False,0.0
519,20191126,3090,3145,3075,3145,31091,52313.2,3334.0333333333333,0.0,False,0.0
520,20191127,3145,3155,3080,3090,19439,44688.6,3332.1833333333334,2.1,False,0.0
521,20191128,3065,3115,3065,3115,23691,42662.1,3330.366666666667,0.0,False,0.0
522,20191129,3090,3260,3085,3260,119391,49925.2,3330.516666666667,0.0,False,0.0
523,20191202,3460,4080,3455,3525,6822530,729425.5,3334.5333333333333,15.74,True,1.0
524,20191203,3485,3505,3345,3375,519697,773858.1,3335.266666666667,3.85,False,1.0
525,20191204,3375,4040,3360,3865,9048262,1672695.4,3343.6666666666665,4.53,False,1.0
526,20191205,3810,3920,3720,3895,1619036,1825842.6,3352.45,0.64,False,1.0
527,20191206,4130,4430,3790,3800,4656238,2288687.5,3359.883333333333,16.58,True,2.0
528,20191209,3770,3780,3580,3610,693854,2355322.9,3364.0333333333333,4.71,False,2.0
529,20191210,3625,3685,3590,3675,396319,2391845.7,3368.8166666666666,0.27,False,2.0
530,20191211,3695,3695,3535,3595,292748,2419176.6,3372.266666666667,2.78,False,2.0
531,20191212,3595,3705,3570,3680,355577,2452365.2,3377.366666666667,0.68,False,2.0
532,20191213,3660,3745,3630,3715,280911,2468517.2,3383.266666666667,0.81,False,2.0
533,20191216,3715,3760,3660,3710,195313,1805795.5,3387.3,1.35,False,2.0
534,20191217,3705,3725,3610,3640,197347,1773560.5,3390.95,2.34,False,2.0
535,20191218,3680,3680,3605,3615,102410,878975.3,3395.633333333333,1.8,False,2.0
536,20191219,3655,3655,3540,3620,151286,732200.3,3400.5666666666666,0.97,False,2.0
537,20191220,3585,3640,3540,3570,131050,279681.5,3406.7166666666667,1.96,False,2.0
538,20191223,3580,3660,3550,3630,107979,221094.0,3414.4166666666665,0.83,False,2.0
539,20191224,3610,3650,3515,3535,124726,193934.7,3420.4333333333334,3.25,False,2.0
540,20191226,3520,3580,3515,3555,57537,170413.6,3427.2166666666667,0.7,False,2.0
541,20191227,3525,3620,3505,3615,60600,140915.9,3434.6666666666665,0.14,False,2.0
542,20191230,3605,3680,3590,3670,108052,123630.0,3442.9333333333334,0.27,False,2.0
543,20200102,3650,3660,3570,3635,76736,111772.3,3451.3333333333335,0.69,False,2.0
544,20200103,3615,3665,3550,3590,104201,102457.7,3455.15,2.09,False,2.0
545,20200106,3565,3600,3510,3550,95053,101722.0,3457.1833333333334,1.41,False,2.0
546,20200107,3550,3600,3515,3570,84981,95091.5,3458.55,0.84,False,2.0
547,20200108,3565,3580,3395,3470,112999,93286.4,3458.5833333333335,3.17,False,2.0
548,20200109,3470,3610,3470,3575,76140,90102.5,3460.7,0.98,False,1.0
549,20200110,3560,3620,3540,3575,59585,83588.4,3462.266666666667,1.26,False,1.0
550,20200113,3575,3685,3570,3685,166897,94524.4,3465.116666666667,0.0,False,1.0
551,20200114,3685,3710,3615,3660,82916,96756.0,3466.65,1.37,False,1.0
552,20200115,3675,3690,3580,3640,87699,94720.7,3468.0833333333335,1.37,False,0.0
553,20200116,3610,3685,3400,3600,91513,96198.4,3468.5,2.36,False,0.0
554,20200117,3600,3870,3600,3870,607835,146561.8,3476.1666666666665,0.0,False,0.0
555,20200120,3820,3870,3740,3795,242594,161315.9,3483.8333333333335,1.98,False,0.0
556,20200121,3765,3820,3680,3735,134252,166243.0,3490.5833333333335,2.28,False,0.0
557,20200122,3700,3805,3570,3795,125552,167498.3,3498.4166666666665,0.26,False,0.0
558,20200123,3790,3795,3680,3705,93549,169239.2,3504.9166666666665,2.43,False,0.0
559,20200128,3510,3650,3495,3570,143913,177672.0,3508.75,2.24,False,0.0
560,20200129,3570,3655,3530,3590,49532,165935.5,3513.0,1.81,False,0.0
561,20200130,3570,3630,3495,3560,125673,170211.2,3516.6666666666665,1.97,False,0.0
562,20200131,3545,3590,3350,3360,146243,176065.6,3517.0,6.85,False,0.0
563,20200203,3325,3515,3220,3495,195257,186440.0,3518.5833333333335,0.57,False,0.0
564,20200204,3495,3600,3480,3570,86201,134276.6,3520.9166666666665,0.84,False,0.0
565,20200205,3510,3595,3510,3565,91424,119159.6,3522.5,0.84,False,0.0
566,20200206,3555,3630,3550,3630,64295,112163.9,3524.9166666666665,0.0,False,0.0
567,20200207,3630,3665,3565,3610,42541,103862.8,3527.6666666666665,1.52,False,0.0
568,20200210,3610,3660,3575,3635,37699,98277.8,3530.8333333333335,0.69,False,0.0
569,20200211,3610,3740,3595,3710,92930,93179.5,3535.9166666666665,0.81,False,0.0
570,20200212,3730,3765,3670,3765,69855,95211.8,3543.6666666666665,0.0,False,0.0
571,20200213,3730,3790,3650,3725,82912,90935.7,3550.5833333333335,1.74,False,0.0
572,20200214,3705,3745,3620,3715,44860,80797.4,3557.9166666666665,0.81,False,0.0
573,20200217,3670,3740,3590,3650,79092,69180.9,3563.9166666666665,2.47,False,0.0
574,20200218,3665,3665,3545,3615,57054,66266.2,3570.3333333333335,1.38,False,0.0
575,20200219,3615,3635,3515,3595,64630,63586.8,3577.25,1.11,False,0.0
576,20200220,3595,3605,3525,3565,66026,63759.9,3584.9166666666665,1.12,False,0.0
577,20200221,3545,3735,3510,3665,181347,77640.5,3594.4166666666665,1.91,False,0.0
578,20200224,3555,3630,3420,3430,194247,93295.3,3599.5833333333335,5.83,False,0.0
579,20200225,3385,3540,3385,3525,58681,89870.4,3605.9166666666665,0.43,False,0.0
580,20200226,3405,3500,3390,3430,72265,90111.4,3611.5833333333335,2.04,False,0.0
581,20200227,3435,3475,3210,3220,164868,98307.0,3613.3333333333335,7.92,False,0.0
582,20200228,3120,3215,2975,3030,139399,107760.9,3609.5,6.11,False,0.0
583,20200302,3040,3125,2910,3075,60169,105868.6,3602.0,1.63,False,0.0
584,20200303,3085,3195,3070,3095,62294,106392.6,3597.3333333333335,3.23,False,0.0
585,20200304,3060,3270,3035,3255,64138,106343.4,3587.1666666666665,0.46,False,0.0
586,20200305,3305,3310,3220,3270,31473,102888.1,3576.75,1.22,False,0.0
587,20200306,3240,3240,3125,3175,38903,88643.7,3566.3333333333335,2.05,False,0.0
588,20200309,3075,3150,2950,2965,76493,76868.3,3555.5833333333335,6.24,False,0.0
589,20200310,2865,3040,2820,2975,92316,80231.8,3543.9166666666665,2.18,False,0.0
590,20200311,2960,3040,2785,2785,106335,83638.8,3530.4166666666665,9.16,False,0.0
591,20200312,2720,2785,2450,2450,208512,88003.2,3509.9166666666665,13.67,False,0.0
592,20200313,2055,2310,2000,2275,208354,94898.7,3485.9166666666665,1.54,False,0.0
593,20200316,2220,2385,2110,2265,163480,105229.8,3461.8333333333335,5.3,False,0.0
594,20200317,2200,2265,2055,2180,88426,107843.0,3437.5,3.9,False,0.0
595,20200318,2180,2270,2060,2095,93383,110767.5,3412.1666666666665,8.35,False,0.0
596,20200319,2060,2145,1610,1675,220469,129667.1,3379.75,28.06,True,1.0
597,20200320,1665,1785,1630,1765,113804,137157.2,3349.6666666666665,1.13,False,1.0
598,20200323,1610,1785,1610,1760,62703,135778.2,3318.5,1.42,False,1.0
599,20200324,1765,1935,1760,1855,63668,132913.4,3290.5,4.31,False,1.0
600,20200325,1905,2005,1870,1960,101412,132421.1,3263.9166666666665,2.3,False,1.0
601,20200326,1960,2080,1890,2030,121106,123680.5,3237.5,2.46,False,1.0
602,20200327,2140,2160,2060,2140,183512,121196.3,3212.0,0.93,False,1.0
603,20200330,2100,2245,2040,2240,73808,112229.1,3188.75,0.22,False,1.0
604,20200331,2285,2480,2175,2440,146646,118051.1,3169.5833333333335,1.64,False,1.0
605,20200401,2445,2515,2390,2460,35914,112304.2,3151.4166666666665,2.24,False,1.0
606,20200402,2440,2510,2355,2490,32049,93462.2,3133.4166666666665,0.8,False,1.0
607,20200403,2460,2510,2405,2485,34966,85578.4,3117.0,1.01,False,1.0
608,20200406,2445,2540,2390,2500,64558,85763.9,3099.0833333333335,1.6,False,1.0
609,20200407,2565,2590,2465,2550,54009,84798.0,3082.0,1.57,False,1.0
610,20200408,2550,2575,2500,2525,43344,78991.2,3062.6666666666665,1.98,False,1.0
611,20200409,2550,2595,2500,2550,77064,74587.0,3044.1666666666665,1.76,False,1.0
612,20200410,2555,2595,2405,2590,83093,64545.1,3026.6666666666665,0.19,False,1.0
613,20200413,2590,2615,2430,2580,56347,62799.0,3009.6666666666665,1.36,False,1.0
614,20200414,2590,2645,2575,2645,64612,54595.6,2989.25,0.0,False,1.0
615,20200416,2645,2715,2450,2705,52684,56272.6,2971.0833333333335,0.37,False,1.0
616,20200417,2740,2770,2680,2715,59302,58997.9,2954.0833333333335,2.03,False,1.0
617,20200420,2750,2750,2685,2715,55093,61010.6,2936.0833333333335,1.29,False,1.0
618,20200421,2720,2740,2505,2710,68785,61433.3,2919.5,1.11,False,1.0
619,20200422,2605,2730,2605,2730,36716,59704.0,2905.5,0.0,False,1.0
620,20200423,2785,2790,2670,2700,122553,67624.9,2890.6666666666665,3.33,False,1.0
621,20200424,2690,2690,2600,2660,67071,66625.6,2875.6666666666665,1.13,False,0.0
622,20200427,2655,2740,2650,2725,49246,63240.9,2865.0833333333335,0.55,False,0.0
623,20200428,2630,2750,2630,2720,68653,64471.5,2852.1666666666665,1.1,False,0.0
624,20200429,2700,2750,2665,2705,55736,63583.9,2837.75,1.66,False,0.0
625,20200504,2690,2695,2630,2660,28470,61162.5,2822.6666666666665,1.32,False,0.0
626,20200506,2660,2775,2660,2775,66280,61860.3,2808.4166666666665,0.0,False,0.0
627,20200507,2890,2890,2740,2810,70688,63419.8,2795.0833333333335,2.85,False,0.0
628,20200508,2810,2890,2800,2850,37595,60300.8,2782.0,1.4,False,0.0
629,20200511,2870,2960,2795,2945,93604,65989.6,2769.25,0.51,False,0.0
